translation,avg_inference_time,avg_bleu1_score,avg_bleu2_score,avg_bleu4_score,avg_keyword_match,avg_codebleu_score,num_samples
cpp_to_java,7.259868574142456,0.7643673545493894,0.7007977767599894,0.6102430406450204,0.96054012731011,0.7153321666445472,100
cpp_to_python,5.446933534047375,0.6154616633541264,0.5127253727932819,0.36761551165694994,0.8567391160705127,0.5143525929810188,100
java_to_cpp,6.6182860136032104,0.7866262667630874,0.7251781654413834,0.6269371246391209,0.773249777999778,0.6708309206473182,100
java_to_python,5.668647021362462,0.6302201650102316,0.524394385611354,0.37617793782983616,0.8284218447531142,0.5118511099068196,100
python_to_cpp,6.690100271701812,0.7730897510996405,0.6981457972370155,0.5844689410740656,0.9027293817293818,0.6799470732706605,100
python_to_java,7.0926027941703795,0.7335078836347908,0.6615940814925928,0.5536228898295378,0.9395822860355572,0.6694107086913433,100
