translation,avg_inference_time,avg_bleu1_score,avg_bleu2_score,avg_bleu4_score,avg_keyword_match,avg_codebleu_score,num_samples
cpp_to_java,6.691945567131042,0.6871058560874215,0.616353103479649,0.5133976782892979,0.8786010158736434,0.6229586795646015,100
cpp_to_python,4.413243877887726,0.4853014685062776,0.38327606730166097,0.25218390729143414,0.8047552931244881,0.4179553230413503,100
java_to_cpp,5.381344201564789,0.7114695999718644,0.6379140465265736,0.5239641477110354,0.824619325119325,0.6141607009335224,100
java_to_python,5.169759991168976,0.5373728077494914,0.4268014781825372,0.28016254660252893,0.7569862047996723,0.42320964406167194,100
python_to_cpp,3.6207418179512025,0.6377593316546034,0.5593042000759083,0.43610817711472977,0.8639141414141416,0.5644499664045534,100
python_to_java,6.129829802513123,0.5977507941527354,0.5227987046940066,0.41167458979058374,0.8550734785502857,0.5446942564184943,100
