Translation,Avg BLEU-1,Avg BLEU-2,Avg BLEU-4,Avg Keyword Match,Avg CodeBLEU,Avg Inference Time (s),Examples
java_to_python,0.6282181788693507,0.5312047096681346,0.3903969252381455,0.8861904761904762,0.5391349905238447,26.992426252365114,10
java_to_cpp,0.8417819082725053,0.7931245457306367,0.7079154882388902,0.8111688311688312,0.7388914911178724,29.177872276306154,10
python_to_java,0.7607875107546885,0.6816557084490706,0.5656195500259289,0.9647903180410922,0.6853707804304777,29.866830134391783,10
python_to_cpp,0.8049594713927897,0.728101120925303,0.5956114028876804,0.8964590964590965,0.6858657109591052,27.245241975784303,10
cpp_to_java,0.7614722762114947,0.6914840196533449,0.5868616161452367,0.9724458204334365,0.7025368774316967,32.66535649299622,10
cpp_to_python,0.6439220971832298,0.5376630679803176,0.39118008060884396,0.8937662337662339,0.5419559265560608,27.894578719139098,10
